{"cameraMode":{"drawMode":0,"name":"Shaded","section":"Shading Mode"},"sceneLighting":true,"audioPlay":false,"sceneViewState":{"showFog":true,"showMaterialUpdate":false,"showSkybox":true,"showFlares":true,"showImageEffects":true,"showParticleSystems":true},"in2DMode":false,"pivot":{"x":-3.3111469745635988,"y":1.5046391487121583,"z":3.5048294067382814},"rotation":{"x":0.08600164949893952,"y":-0.3665734529495239,"z":0.03390670567750931,"w":0.9258574843406677},"size":19.50494384765625,"orthographic":false}